transaction_id,transaction_timestamp,transaction_hour,user_id,category,status,amount
20251001-000000,2025-10-01 22:25:27,22,8270,Toys,completed,161.0
20251001-000001,2025-10-01 15:45:47,15,1860,Fashion,completed,83.7
20251001-000002,2025-10-01 17:13:35,17,6390,Home & Garden,completed,231.08
20251001-000003,2025-10-01 16:53:39,16,6191,Home & Garden,completed,118.92
20251001-000004,2025-10-01 12:44:01,12,6734,Fashion,completed,196.69
20251001-000005,2025-10-01 17:43:41,17,7265,Home & Garden,processing,133.73
20251001-000006,2025-10-01 11:23:08,11,1466,Books,completed,191.88
20251001-000007,2025-10-01 13:40:22,13,5426,Electronics,processing,215.34
20251001-000008,2025-10-01 15:00:14,15,6578,Books,processing,182.41
20251001-000009,2025-10-01 18:50:12,18,9322,Home & Garden,completed,187.79
20251001-000010,2025-10-01 22:42:22,22,2685,Toys,shipped,145.08
20251001-000011,2025-10-01 10:54:16,10,1769,Electronics,completed,128.3
20251001-000012,2025-10-01 17:21:47,17,7949,Electronics,completed,156.91
20251001-000013,2025-10-01 18:22:59,18,3433,Fashion,completed,133.0
20251001-000014,2025-10-01 18:55:01,18,6311,Fashion,completed,273.36
20251001-000015,2025-10-01 08:53:19,8,6051,Toys,completed,100.38
20251001-000016,2025-10-01 11:18:19,11,7420,Electronics,completed,200.1
20251001-000017,2025-10-01 22:17:58,22,2184,Toys,shipped,175.86
20251001-000018,2025-10-01 11:11:45,11,5555,Fashion,shipped,161.49
20251001-000019,2025-10-01 08:54:02,8,4385,Fashion,completed,223.99
20251001-000020,2025-10-01 16:27:54,16,7396,Electronics,shipped,164.92
20251001-000021,2025-10-01 10:27:11,10,9666,Books,completed,118.25
20251001-000022,2025-10-01 12:59:39,12,3558,Home & Garden,completed,164.59
20251001-000023,2025-10-01 13:58:01,13,8849,Fashion,processing,140.84
20251001-000024,2025-10-01 15:32:35,15,3047,Fashion,completed,175.16
20251001-000025,2025-10-01 13:18:13,13,3747,Books,completed,190.65
20251001-000026,2025-10-01 10:27:15,10,1189,Books,completed,107.05
20251001-000027,2025-10-01 13:58:18,13,3734,Toys,completed,209.77
20251001-000028,2025-10-01 08:51:33,8,4005,Toys,returned,137.26
20251001-000029,2025-10-01 11:48:43,11,5658,Home & Garden,completed,172.18
20251001-000030,2025-10-01 13:36:45,13,2899,Home & Garden,processing,180.85
20251001-000031,2025-10-01 14:25:05,14,8734,Electronics,completed,168.37
20251001-000032,2025-10-01 18:34:12,18,2267,Toys,completed,144.54
20251001-000033,2025-10-01 20:33:35,20,2528,Fashion,completed,125.57
20251001-000034,2025-10-01 18:34:21,18,4556,Toys,shipped,136.55
20251001-000035,2025-10-01 17:39:17,17,4890,Fashion,completed,228.26
20251001-000036,2025-10-01 10:15:11,10,9838,Books,processing,106.71
20251001-000037,2025-10-01 16:37:51,16,6393,Toys,processing,114.04
20251001-000038,2025-10-01 19:12:58,19,9792,Books,completed,111.84
20251001-000039,2025-10-01 19:22:53,19,9433,Home & Garden,returned,156.79
20251001-000040,2025-10-01 14:59:29,14,8513,Home & Garden,processing,73.76
20251001-000041,2025-10-01 21:53:52,21,3612,Electronics,shipped,82.32
20251001-000042,2025-10-01 08:21:50,8,8041,Toys,completed,136.95
20251001-000043,2025-10-01 09:15:39,9,7235,Books,completed,85.61
20251001-000044,2025-10-01 08:27:06,8,6486,Fashion,completed,89.69
20251001-000045,2025-10-01 18:47:31,18,8099,Home & Garden,completed,85.99
20251001-000046,2025-10-01 16:34:47,16,1775,Home & Garden,completed,107.67
20251001-000047,2025-10-01 16:59:18,16,9226,Fashion,shipped,186.56
20251001-000048,2025-10-01 14:44:05,14,4152,Books,completed,197.79
20251001-000049,2025-10-01 17:45:19,17,2585,Books,completed,245.95
20251001-000050,2025-10-01 10:07:26,10,4943,Toys,processing,244.12
20251001-000051,2025-10-01 20:43:52,20,8555,Toys,processing,189.32
20251001-000052,2025-10-01 22:54:42,22,4073,Electronics,completed,201.38
20251001-000053,2025-10-01 12:54:36,12,2021,Home & Garden,processing,156.56
20251001-000054,2025-10-01 22:21:47,22,4843,Toys,completed,175.99
20251001-000055,2025-10-01 11:20:06,11,8989,Books,completed,247.18
20251001-000056,2025-10-01 14:25:58,14,7873,Fashion,shipped,168.56
20251001-000057,2025-10-01 21:39:04,21,6675,Books,completed,207.66
20251001-000058,2025-10-01 16:20:10,16,1161,Home & Garden,completed,103.28
20251001-000059,2025-10-01 19:24:14,19,5297,Books,completed,116.69
20251001-000060,2025-10-01 09:40:02,9,1995,Electronics,completed,165.6
20251001-000061,2025-10-01 20:00:57,20,8629,Home & Garden,completed,157.5
20251001-000062,2025-10-01 15:05:04,15,2016,Fashion,completed,119.0
20251001-000063,2025-10-01 22:22:22,22,8869,Electronics,shipped,270.37
20251001-000064,2025-10-01 16:50:52,16,7439,Home & Garden,shipped,158.63
20251001-000065,2025-10-01 17:22:36,17,8892,Fashion,completed,127.86
20251001-000066,2025-10-01 21:42:08,21,7863,Electronics,completed,157.58
20251001-000067,2025-10-01 17:42:14,17,8916,Electronics,completed,151.27
20251001-000068,2025-10-01 16:22:02,16,9529,Home & Garden,completed,159.39
20251001-000069,2025-10-01 21:31:28,21,1878,Toys,shipped,70.31
20251001-000070,2025-10-01 17:29:05,17,5887,Electronics,completed,214.6
20251001-000071,2025-10-01 21:12:16,21,5859,Electronics,completed,217.44
20251001-000072,2025-10-01 14:42:25,14,7331,Fashion,shipped,223.52
20251001-000073,2025-10-01 22:17:20,22,9571,Books,shipped,166.27
20251001-000074,2025-10-01 16:22:07,16,9684,Home & Garden,shipped,183.12
20251001-000075,2025-10-01 16:14:20,16,8208,Home & Garden,completed,106.69
20251001-000076,2025-10-01 21:32:56,21,6276,Toys,completed,191.64
20251001-000077,2025-10-01 10:20:10,10,3062,Toys,completed,162.59
20251001-000078,2025-10-01 11:56:37,11,1064,Home & Garden,completed,126.98
20251001-000079,2025-10-01 09:38:07,9,9006,Toys,shipped,193.24
20251001-000080,2025-10-01 17:22:41,17,3568,Fashion,processing,195.17
20251001-000081,2025-10-01 10:26:23,10,6463,Home & Garden,shipped,153.03
20251001-000082,2025-10-01 18:44:34,18,3027,Toys,shipped,171.92
20251001-000083,2025-10-01 18:43:54,18,3695,Home & Garden,completed,98.41
20251001-000084,2025-10-01 12:17:13,12,6258,Books,shipped,212.16
20251001-000085,2025-10-01 12:23:54,12,6618,Electronics,completed,105.06
20251001-000086,2025-10-01 13:50:13,13,7736,Home & Garden,completed,114.73
20251001-000087,2025-10-01 20:46:09,20,1391,Electronics,completed,153.12
20251001-000088,2025-10-01 14:39:11,14,6892,Toys,completed,205.73
20251001-000089,2025-10-01 14:50:37,14,4561,Electronics,completed,205.7
20251001-000090,2025-10-01 08:41:43,8,7184,Home & Garden,returned,149.76
20251001-000091,2025-10-01 21:06:54,21,4099,Books,completed,188.65
20251001-000092,2025-10-01 09:49:45,9,7278,Toys,completed,65.55
20251001-000093,2025-10-01 19:47:33,19,9392,Home & Garden,completed,114.03
20251001-000094,2025-10-01 16:19:40,16,4104,Toys,shipped,115.05
20251001-000095,2025-10-01 17:26:09,17,8215,Fashion,completed,212.61
20251001-000096,2025-10-01 09:05:57,9,3454,Electronics,shipped,182.73
20251001-000097,2025-10-01 13:26:16,13,9996,Fashion,completed,159.23
20251001-000098,2025-10-01 18:08:16,18,3731,Home & Garden,shipped,164.09
20251001-000099,2025-10-01 18:52:02,18,9154,Books,completed,228.42
20251001-000100,2025-10-01 08:44:30,8,6056,Toys,processing,141.49
20251001-000101,2025-10-01 10:56:50,10,9110,Electronics,shipped,84.3
20251001-000102,2025-10-01 09:30:00,9,4840,Toys,completed,204.36
20251001-000103,2025-10-01 10:20:11,10,2028,Home & Garden,completed,159.09
20251001-000104,2025-10-01 12:25:38,12,8385,Toys,completed,197.68
20251001-000105,2025-10-01 18:39:03,18,1502,Electronics,completed,147.76
20251001-000106,2025-10-01 17:47:41,17,7910,Home & Garden,completed,108.07
20251001-000107,2025-10-01 13:44:12,13,7938,Toys,shipped,170.14
20251001-000108,2025-10-01 16:12:33,16,5488,Books,completed,150.51
20251001-000109,2025-10-01 19:48:41,19,1206,Home & Garden,completed,159.25
20251001-000110,2025-10-01 18:22:20,18,6134,Home & Garden,completed,230.83
20251001-000111,2025-10-01 22:19:21,22,6977,Books,completed,95.06
20251001-000112,2025-10-01 22:36:56,22,8721,Fashion,processing,164.3
20251001-000113,2025-10-01 17:53:03,17,8035,Electronics,completed,109.05
20251001-000114,2025-10-01 19:52:17,19,2484,Fashion,shipped,20.47
20251001-000115,2025-10-01 19:27:04,19,8858,Toys,processing,147.55
20251001-000116,2025-10-01 20:16:18,20,1863,Books,shipped,151.55
20251001-000117,2025-10-01 11:27:01,11,3790,Fashion,processing,181.18
20251001-000118,2025-10-01 14:40:11,14,8408,Home & Garden,completed,139.12
20251001-000119,2025-10-01 13:01:16,13,9755,Toys,returned,75.55
20251001-000120,2025-10-01 09:24:09,9,6116,Toys,completed,108.88
20251001-000121,2025-10-01 17:57:33,17,7019,Fashion,completed,215.85
20251001-000122,2025-10-01 18:49:05,18,2757,Fashion,shipped,108.17
20251001-000123,2025-10-01 18:40:07,18,8574,Books,processing,229.16
20251001-000124,2025-10-01 18:05:50,18,7374,Electronics,processing,202.5
20251001-000125,2025-10-01 22:10:10,22,7892,Fashion,completed,134.11
20251001-000126,2025-10-01 22:56:56,22,2678,Fashion,completed,113.55
20251001-000127,2025-10-01 15:37:11,15,4242,Home & Garden,processing,202.4
20251001-000128,2025-10-01 14:05:08,14,5636,Toys,completed,137.95
20251001-000129,2025-10-01 22:44:01,22,2059,Electronics,shipped,72.72
20251001-000130,2025-10-01 22:10:07,22,7668,Home & Garden,processing,178.12
20251001-000131,2025-10-01 14:13:57,14,4157,Books,completed,170.86
20251001-000132,2025-10-01 21:01:10,21,6915,Books,completed,206.89
20251001-000133,2025-10-01 22:39:59,22,3693,Fashion,completed,167.48
20251001-000134,2025-10-01 15:02:52,15,4627,Fashion,completed,122.54
20251001-000135,2025-10-01 19:54:35,19,6450,Books,processing,213.48
20251001-000136,2025-10-01 19:52:09,19,2663,Fashion,completed,218.35
20251001-000137,2025-10-01 20:34:20,20,6592,Electronics,processing,161.66
20251001-000138,2025-10-01 21:32:19,21,8392,Fashion,completed,153.02
20251001-000139,2025-10-01 18:23:47,18,2306,Toys,returned,83.84
20251001-000140,2025-10-01 08:18:07,8,7776,Fashion,completed,119.62
20251001-000141,2025-10-01 22:17:35,22,6864,Home & Garden,completed,188.04
20251001-000142,2025-10-01 20:48:28,20,8526,Electronics,completed,122.14
20251001-000143,2025-10-01 08:51:41,8,9901,Home & Garden,shipped,77.16
20251001-000144,2025-10-01 15:23:11,15,6575,Home & Garden,shipped,324.79
20251001-000145,2025-10-01 11:44:13,11,6530,Toys,processing,76.83
20251001-000146,2025-10-01 12:34:47,12,5413,Electronics,completed,262.84
20251001-000147,2025-10-01 15:00:53,15,4748,Electronics,completed,134.63
20251001-000148,2025-10-01 12:35:49,12,1663,Electronics,completed,145.77
20251001-000149,2025-10-01 17:24:20,17,2998,Electronics,completed,116.39
20251001-000150,2025-10-01 11:44:21,11,8994,Electronics,completed,189.14
20251001-000151,2025-10-01 19:48:20,19,2495,Toys,returned,78.01
20251001-000152,2025-10-01 13:59:43,13,4304,Fashion,returned,57.98
20251001-000153,2025-10-01 20:42:49,20,4763,Home & Garden,processing,230.51
20251001-000154,2025-10-01 22:33:29,22,6232,Electronics,shipped,109.8
20251001-000155,2025-10-01 19:24:38,19,2853,Fashion,completed,187.3
20251001-000156,2025-10-01 12:15:19,12,7585,Fashion,completed,95.73
20251001-000157,2025-10-01 21:33:23,21,2291,Home & Garden,completed,185.42
20251001-000158,2025-10-01 14:28:22,14,4581,Toys,processing,234.18
20251001-000159,2025-10-01 21:18:06,21,8554,Books,completed,123.64
20251001-000160,2025-10-01 17:22:08,17,8280,Books,completed,53.33
20251001-000161,2025-10-01 14:18:00,14,2636,Fashion,completed,234.44
20251001-000162,2025-10-01 20:24:25,20,4696,Home & Garden,completed,196.31
20251001-000163,2025-10-01 11:15:37,11,1698,Books,processing,126.32
20251001-000164,2025-10-01 19:53:37,19,5737,Fashion,shipped,139.1
20251001-000165,2025-10-01 20:50:53,20,1854,Toys,completed,94.47
20251001-000166,2025-10-01 12:08:43,12,9164,Books,returned,221.01
20251001-000167,2025-10-01 20:00:21,20,6855,Fashion,shipped,123.26
20251001-000168,2025-10-01 10:41:43,10,8392,Fashion,completed,79.06
20251001-000169,2025-10-01 22:18:09,22,7528,Electronics,completed,160.68
20251001-000170,2025-10-01 11:32:54,11,6249,Toys,completed,107.0
20251001-000171,2025-10-01 22:33:57,22,6172,Electronics,completed,98.5
20251001-000172,2025-10-01 21:15:05,21,2707,Home & Garden,returned,128.5
20251001-000173,2025-10-01 11:43:16,11,6791,Electronics,completed,154.32
20251001-000174,2025-10-01 10:39:50,10,6535,Electronics,processing,80.94
20251001-000175,2025-10-01 20:54:49,20,5931,Books,completed,219.26
20251001-000176,2025-10-01 17:17:37,17,4510,Fashion,completed,183.86
20251001-000177,2025-10-01 12:33:23,12,1202,Toys,completed,131.73
20251001-000178,2025-10-01 12:24:50,12,5218,Electronics,completed,104.83
20251001-000179,2025-10-01 18:44:09,18,9958,Toys,completed,145.54
20251001-000180,2025-10-01 14:05:55,14,5389,Electronics,processing,194.97
20251001-000181,2025-10-01 11:20:07,11,3327,Home & Garden,completed,187.23
20251001-000182,2025-10-01 20:57:20,20,9004,Electronics,shipped,202.93
20251001-000183,2025-10-01 11:05:55,11,3931,Books,completed,125.98
20251001-000184,2025-10-01 16:31:05,16,8777,Fashion,completed,3.75
20251001-000185,2025-10-01 13:40:20,13,1197,Home & Garden,completed,212.39
20251001-000186,2025-10-01 22:47:56,22,8125,Electronics,completed,141.64
20251001-000187,2025-10-01 11:42:38,11,2930,Toys,completed,183.31
20251001-000188,2025-10-01 09:38:23,9,7287,Home & Garden,completed,233.46
20251001-000189,2025-10-01 13:30:32,13,9800,Home & Garden,completed,271.72
20251001-000190,2025-10-01 09:41:58,9,5282,Electronics,completed,117.51
20251001-000191,2025-10-01 12:09:17,12,3511,Home & Garden,completed,156.7
20251001-000192,2025-10-01 13:29:55,13,1659,Toys,completed,218.34
20251001-000193,2025-10-01 11:56:27,11,3811,Home & Garden,processing,107.79
20251001-000194,2025-10-01 21:51:56,21,8098,Toys,shipped,120.89
20251001-000195,2025-10-01 20:17:51,20,7546,Electronics,completed,120.6
20251001-000196,2025-10-01 10:59:31,10,2986,Fashion,completed,148.6
20251001-000197,2025-10-01 14:23:11,14,9338,Home & Garden,returned,138.99
20251001-000198,2025-10-01 09:51:47,9,3911,Fashion,shipped,120.31
20251001-000199,2025-10-01 20:08:41,20,2734,Toys,completed,101.71
20251001-000200,2025-10-01 18:30:26,18,2843,Home & Garden,processing,190.6
20251001-000201,2025-10-01 21:14:09,21,9680,Books,completed,216.89
20251001-000202,2025-10-01 13:03:45,13,3976,Fashion,completed,224.14
20251001-000203,2025-10-01 20:39:56,20,2959,Home & Garden,shipped,125.95
20251001-000204,2025-10-01 11:08:51,11,6759,Fashion,completed,192.69
20251001-000205,2025-10-01 13:44:41,13,7694,Home & Garden,returned,161.82
20251001-000206,2025-10-01 11:08:31,11,3385,Electronics,shipped,121.47
20251001-000207,2025-10-01 11:25:41,11,5736,Fashion,completed,186.71
20251001-000208,2025-10-01 22:03:25,22,2802,Books,completed,119.17
20251001-000209,2025-10-01 11:16:24,11,9155,Books,completed,131.19
20251001-000210,2025-10-01 16:15:10,16,9120,Toys,completed,81.16
20251001-000211,2025-10-01 14:14:22,14,7616,Home & Garden,shipped,126.79
20251001-000212,2025-10-01 10:34:33,10,6534,Fashion,completed,162.69
20251001-000213,2025-10-01 10:56:56,10,5061,Toys,completed,228.45
20251001-000214,2025-10-01 13:51:51,13,1262,Fashion,shipped,132.33
20251001-000215,2025-10-01 13:04:39,13,7287,Home & Garden,completed,98.09
20251001-000216,2025-10-01 11:54:22,11,9815,Books,shipped,224.87
20251001-000217,2025-10-01 22:04:28,22,3049,Electronics,completed,124.77
20251001-000218,2025-10-01 22:19:30,22,6423,Books,returned,62.58
20251001-000219,2025-10-01 16:14:06,16,5548,Toys,completed,156.65
20251001-000220,2025-10-01 11:17:39,11,4108,Electronics,completed,133.76
20251001-000221,2025-10-01 16:46:32,16,8158,Toys,completed,265.02
20251001-000222,2025-10-01 11:01:20,11,8400,Home & Garden,completed,173.77
20251001-000223,2025-10-01 09:28:01,9,4170,Electronics,shipped,142.68
20251001-000224,2025-10-01 09:12:17,9,3255,Toys,shipped,103.78
20251001-000225,2025-10-01 12:03:46,12,2154,Home & Garden,shipped,166.51
20251001-000226,2025-10-01 11:41:32,11,5499,Books,completed,222.84
20251001-000227,2025-10-01 14:44:36,14,7295,Home & Garden,completed,165.59
20251001-000228,2025-10-01 21:09:33,21,7197,Fashion,completed,107.63
20251001-000229,2025-10-01 18:30:19,18,2648,Home & Garden,completed,176.94
20251001-000230,2025-10-01 12:40:34,12,6539,Home & Garden,processing,147.57
20251001-000231,2025-10-01 13:07:50,13,5199,Fashion,completed,172.43
20251001-000232,2025-10-01 17:02:49,17,9445,Toys,completed,132.26
20251001-000233,2025-10-01 11:47:53,11,3557,Toys,completed,131.09
20251001-000234,2025-10-01 20:45:17,20,6592,Home & Garden,processing,129.11
20251001-000235,2025-10-01 19:08:45,19,1098,Fashion,shipped,197.11
20251001-000236,2025-10-01 09:29:23,9,3200,Fashion,processing,131.59
20251001-000237,2025-10-01 20:52:07,20,3961,Books,completed,127.01
20251001-000238,2025-10-01 17:10:29,17,5973,Toys,completed,102.9
20251001-000239,2025-10-01 16:34:43,16,5433,Electronics,processing,172.7
20251001-000240,2025-10-01 17:36:52,17,3869,Toys,shipped,165.59
20251001-000241,2025-10-01 22:41:09,22,1956,Toys,completed,127.56
20251001-000242,2025-10-01 14:12:22,14,9352,Books,shipped,114.53
20251001-000243,2025-10-01 11:35:51,11,6699,Electronics,processing,243.81
20251001-000244,2025-10-01 10:55:48,10,7944,Books,shipped,55.98
20251001-000245,2025-10-01 17:12:10,17,5493,Electronics,shipped,174.66
20251001-000246,2025-10-01 21:11:01,21,5911,Home & Garden,completed,214.57
20251001-000247,2025-10-01 22:36:57,22,4987,Electronics,completed,19.34
20251001-000248,2025-10-01 10:09:25,10,7015,Books,completed,189.71
20251001-000249,2025-10-01 16:59:35,16,2218,Toys,processing,138.99
20251001-000250,2025-10-01 12:55:32,12,5496,Electronics,processing,162.8
20251001-000251,2025-10-01 20:08:46,20,5735,Electronics,processing,133.84
20251001-000252,2025-10-01 22:51:12,22,5555,Fashion,completed,203.77
20251001-000253,2025-10-01 10:06:39,10,9050,Toys,shipped,168.16
20251001-000254,2025-10-01 22:01:24,22,4446,Home & Garden,shipped,156.59
20251001-000255,2025-10-01 12:53:03,12,2045,Books,shipped,105.06
20251001-000256,2025-10-01 09:55:41,9,7893,Home & Garden,shipped,244.11
20251001-000257,2025-10-01 18:59:18,18,2693,Toys,processing,150.5
20251001-000258,2025-10-01 11:22:17,11,4436,Electronics,completed,264.49
20251001-000259,2025-10-01 17:38:36,17,9754,Electronics,completed,246.38
20251001-000260,2025-10-01 09:39:29,9,6895,Toys,completed,61.08
20251001-000261,2025-10-01 09:38:18,9,4354,Electronics,completed,117.25
20251001-000262,2025-10-01 19:20:57,19,1225,Electronics,shipped,98.15
20251001-000263,2025-10-01 15:22:22,15,5893,Electronics,shipped,147.59
20251001-000264,2025-10-01 08:28:58,8,8022,Books,completed,159.36
20251001-000265,2025-10-01 21:13:53,21,6600,Books,completed,161.5
20251001-000266,2025-10-01 14:25:15,14,8996,Fashion,shipped,202.71
20251001-000267,2025-10-01 12:50:00,12,8683,Home & Garden,completed,224.68
20251001-000268,2025-10-01 22:04:11,22,5642,Toys,completed,198.37
20251001-000269,2025-10-01 18:54:23,18,8679,Toys,completed,121.95
20251001-000270,2025-10-01 15:30:33,15,9208,Toys,completed,110.9
20251001-000271,2025-10-01 08:24:52,8,8339,Fashion,completed,150.14
20251001-000272,2025-10-01 18:30:56,18,3205,Books,completed,171.31
20251001-000273,2025-10-01 14:49:07,14,2069,Fashion,completed,140.84
20251001-000274,2025-10-01 12:19:17,12,4444,Toys,processing,82.73
20251001-000275,2025-10-01 11:43:56,11,2060,Home & Garden,completed,184.1
20251001-000276,2025-10-01 14:54:47,14,3327,Electronics,shipped,130.38
20251001-000277,2025-10-01 17:16:04,17,4420,Books,completed,128.87
20251001-000278,2025-10-01 22:44:25,22,1301,Books,completed,147.27
20251001-000279,2025-10-01 09:01:29,9,1606,Fashion,shipped,138.01
20251001-000280,2025-10-01 19:24:53,19,4170,Books,completed,131.67
20251001-000281,2025-10-01 22:12:12,22,1699,Toys,completed,85.99
20251001-000282,2025-10-01 08:57:18,8,6088,Toys,completed,144.39
20251001-000283,2025-10-01 08:38:28,8,1190,Fashion,shipped,185.15
20251001-000284,2025-10-01 18:27:02,18,1980,Toys,completed,163.23
20251001-000285,2025-10-01 19:41:25,19,3975,Home & Garden,completed,197.41
20251001-000286,2025-10-01 08:54:39,8,7102,Fashion,shipped,113.57
20251001-000287,2025-10-01 22:05:58,22,2184,Home & Garden,completed,86.1
20251001-000288,2025-10-01 19:02:57,19,4327,Electronics,shipped,137.71
20251001-000289,2025-10-01 12:57:57,12,4394,Home & Garden,shipped,119.29
20251001-000290,2025-10-01 17:34:11,17,9319,Electronics,returned,124.48
20251001-000291,2025-10-01 14:17:01,14,2816,Electronics,completed,160.59
20251001-000292,2025-10-01 09:10:10,9,6854,Home & Garden,processing,124.85
20251001-000293,2025-10-01 17:53:43,17,7709,Fashion,completed,87.5
20251001-000294,2025-10-01 15:19:27,15,1569,Toys,completed,122.05
20251001-000295,2025-10-01 11:04:17,11,6442,Toys,completed,167.0
20251001-000296,2025-10-01 19:18:12,19,2895,Electronics,shipped,183.57
20251001-000297,2025-10-01 10:21:36,10,3733,Electronics,completed,183.07
20251001-000298,2025-10-01 17:58:21,17,4863,Fashion,completed,171.22
20251001-000299,2025-10-01 18:59:11,18,8455,Books,completed,141.6
20251001-000300,2025-10-01 15:18:01,15,5014,Home & Garden,processing,170.25
20251001-000301,2025-10-01 09:46:36,9,2686,Electronics,shipped,147.88
20251001-000302,2025-10-01 18:15:06,18,4009,Toys,shipped,155.65
20251001-000303,2025-10-01 18:23:25,18,8806,Fashion,completed,103.03
20251001-000304,2025-10-01 20:40:25,20,1154,Home & Garden,completed,152.19
20251001-000305,2025-10-01 10:03:23,10,2409,Fashion,shipped,168.93
20251001-000306,2025-10-01 19:14:11,19,1784,Home & Garden,completed,167.06
20251001-000307,2025-10-01 10:24:15,10,9096,Home & Garden,completed,85.62
20251001-000308,2025-10-01 17:43:22,17,8560,Electronics,shipped,154.81
20251001-000309,2025-10-01 18:54:39,18,8343,Fashion,returned,77.81
20251001-000310,2025-10-01 08:34:59,8,8206,Fashion,shipped,158.68
20251001-000311,2025-10-01 13:54:08,13,6596,Toys,shipped,114.93
20251001-000312,2025-10-01 09:13:31,9,6801,Toys,returned,235.28
20251001-000313,2025-10-01 08:48:14,8,3806,Electronics,completed,155.96
20251001-000314,2025-10-01 09:18:36,9,1537,Electronics,completed,190.06
20251001-000315,2025-10-01 19:37:12,19,6986,Books,returned,255.54
20251001-000316,2025-10-01 13:35:04,13,2841,Toys,completed,109.13
20251001-000317,2025-10-01 21:06:10,21,9716,Home & Garden,shipped,171.78
20251001-000318,2025-10-01 11:29:09,11,7971,Fashion,completed,90.7
20251001-000319,2025-10-01 13:18:51,13,6625,Electronics,completed,167.24
20251001-000320,2025-10-01 19:48:12,19,3950,Fashion,shipped,238.29
20251001-000321,2025-10-01 16:24:40,16,8992,Fashion,processing,118.61
20251001-000322,2025-10-01 20:15:52,20,5780,Books,shipped,105.7
20251001-000323,2025-10-01 17:46:45,17,3368,Toys,completed,145.44
20251001-000324,2025-10-01 19:53:49,19,7655,Electronics,processing,252.29
20251001-000325,2025-10-01 17:39:14,17,9173,Fashion,completed,188.55
20251001-000326,2025-10-01 15:50:41,15,5495,Electronics,completed,104.75
20251001-000327,2025-10-01 08:07:55,8,7002,Home & Garden,completed,222.75
20251001-000328,2025-10-01 20:17:06,20,7614,Books,completed,67.25
20251001-000329,2025-10-01 15:27:39,15,6919,Home & Garden,completed,256.83
20251001-000330,2025-10-01 16:15:27,16,1853,Electronics,processing,192.82
20251001-000331,2025-10-01 13:51:31,13,5146,Electronics,shipped,238.18
20251001-000332,2025-10-01 17:18:34,17,4769,Toys,shipped,67.61
20251001-000333,2025-10-01 22:41:14,22,1574,Fashion,completed,158.47
20251001-000334,2025-10-01 12:16:47,12,2148,Fashion,processing,143.31
20251001-000335,2025-10-01 13:44:35,13,7293,Home & Garden,processing,99.65
20251001-000336,2025-10-01 20:12:20,20,7457,Books,shipped,85.2
20251001-000337,2025-10-01 13:06:05,13,8509,Fashion,completed,175.35
20251001-000338,2025-10-01 16:26:00,16,5777,Toys,completed,179.89
20251001-000339,2025-10-01 11:09:03,11,4854,Home & Garden,completed,215.0
20251001-000340,2025-10-01 09:33:10,9,3491,Home & Garden,completed,124.83
20251001-000341,2025-10-01 18:35:43,18,4124,Toys,completed,142.92
20251001-000342,2025-10-01 18:24:25,18,6691,Books,processing,80.88
20251001-000343,2025-10-01 16:05:36,16,4051,Toys,completed,227.04
20251001-000344,2025-10-01 09:23:22,9,1004,Books,completed,153.48
20251001-000345,2025-10-01 17:17:28,17,6222,Toys,completed,186.13
20251001-000346,2025-10-01 16:22:20,16,6315,Toys,completed,187.9
20251001-000347,2025-10-01 09:05:47,9,5869,Electronics,completed,222.96
20251001-000348,2025-10-01 19:28:44,19,1876,Home & Garden,completed,108.43
20251001-000349,2025-10-01 15:24:44,15,8027,Toys,completed,184.88
20251001-000350,2025-10-01 16:54:48,16,5142,Toys,shipped,148.75
20251001-000351,2025-10-01 19:16:26,19,7966,Fashion,returned,255.28
20251001-000352,2025-10-01 17:45:38,17,8079,Home & Garden,completed,108.28
20251001-000353,2025-10-01 16:23:39,16,8987,Fashion,completed,208.57
20251001-000354,2025-10-01 17:10:12,17,7799,Home & Garden,processing,167.52
20251001-000355,2025-10-01 16:25:22,16,5465,Fashion,completed,164.89
20251001-000356,2025-10-01 09:50:58,9,1635,Toys,completed,152.7
20251001-000357,2025-10-01 11:33:15,11,2693,Toys,processing,217.33
20251001-000358,2025-10-01 14:27:29,14,5752,Electronics,completed,163.19
20251001-000359,2025-10-01 19:02:03,19,9311,Fashion,shipped,73.78
20251001-000360,2025-10-01 09:10:39,9,1830,Books,completed,210.98
20251001-000361,2025-10-01 08:37:15,8,6177,Electronics,completed,201.81
20251001-000362,2025-10-01 10:13:30,10,9932,Fashion,completed,179.36
20251001-000363,2025-10-01 19:50:52,19,9308,Fashion,shipped,93.58
20251001-000364,2025-10-01 11:25:41,11,6949,Electronics,completed,101.34
20251001-000365,2025-10-01 15:47:24,15,3838,Toys,completed,56.13
20251001-000366,2025-10-01 13:20:43,13,2150,Fashion,shipped,173.02
20251001-000367,2025-10-01 18:53:11,18,8560,Toys,completed,82.52
20251001-000368,2025-10-01 09:55:25,9,2931,Electronics,completed,64.06
20251001-000369,2025-10-01 22:38:36,22,2664,Toys,processing,213.75
20251001-000370,2025-10-01 16:29:47,16,2081,Home & Garden,completed,188.41
20251001-000371,2025-10-01 21:58:32,21,1512,Books,processing,133.34
20251001-000372,2025-10-01 09:07:27,9,8805,Fashion,shipped,143.3
20251001-000373,2025-10-01 20:50:08,20,6237,Books,shipped,29.63
20251001-000374,2025-10-01 22:19:11,22,1559,Toys,completed,195.84
20251001-000375,2025-10-01 19:47:04,19,4672,Fashion,returned,115.36
20251001-000376,2025-10-01 12:31:53,12,8404,Toys,completed,166.51
20251001-000377,2025-10-01 19:21:51,19,4343,Home & Garden,shipped,25.57
20251001-000378,2025-10-01 11:58:53,11,5070,Electronics,completed,198.88
20251001-000379,2025-10-01 20:06:27,20,1580,Fashion,completed,112.36
20251001-000380,2025-10-01 14:08:55,14,8004,Home & Garden,completed,81.2
20251001-000381,2025-10-01 15:44:34,15,9130,Home & Garden,processing,133.02
20251001-000382,2025-10-01 12:00:04,12,4147,Fashion,returned,120.18
20251001-000383,2025-10-01 17:28:33,17,5249,Toys,completed,203.71
20251001-000384,2025-10-01 21:07:45,21,2679,Home & Garden,completed,128.98
20251001-000385,2025-10-01 21:55:33,21,4506,Books,shipped,218.13
20251001-000386,2025-10-01 12:53:12,12,8253,Home & Garden,completed,166.51
20251001-000387,2025-10-01 09:03:38,9,3744,Toys,completed,194.72
20251001-000388,2025-10-01 15:34:41,15,6188,Toys,shipped,149.89
20251001-000389,2025-10-01 21:58:44,21,3141,Books,completed,213.6
20251001-000390,2025-10-01 09:02:47,9,7617,Home & Garden,returned,92.32
20251001-000391,2025-10-01 17:53:57,17,3479,Toys,completed,155.68
20251001-000392,2025-10-01 19:44:13,19,7484,Fashion,completed,130.18
20251001-000393,2025-10-01 13:39:10,13,8421,Electronics,completed,219.83
20251001-000394,2025-10-01 15:06:41,15,5452,Electronics,shipped,224.95
20251001-000395,2025-10-01 13:26:37,13,6881,Electronics,completed,150.02
20251001-000396,2025-10-01 11:00:03,11,7665,Home & Garden,shipped,85.42
20251001-000397,2025-10-01 20:26:52,20,3849,Books,completed,171.35
20251001-000398,2025-10-01 11:15:32,11,8390,Toys,processing,66.77
20251001-000399,2025-10-01 13:37:06,13,7905,Fashion,completed,231.31
20251001-000400,2025-10-01 21:06:55,21,3489,Fashion,completed,126.34
20251001-000401,2025-10-01 22:43:40,22,5611,Home & Garden,shipped,148.47
20251001-000402,2025-10-01 20:22:07,20,3839,Electronics,completed,115.95
20251001-000403,2025-10-01 11:40:36,11,9527,Home & Garden,completed,104.91
20251001-000404,2025-10-01 15:58:50,15,6878,Books,processing,186.86
20251001-000405,2025-10-01 16:10:09,16,7303,Books,completed,142.07
20251001-000406,2025-10-01 08:41:42,8,1851,Toys,shipped,152.12
20251001-000407,2025-10-01 20:52:56,20,2687,Toys,completed,99.81
20251001-000408,2025-10-01 11:32:14,11,7833,Books,shipped,192.8
20251001-000409,2025-10-01 11:49:37,11,3427,Books,completed,197.89
20251001-000410,2025-10-01 09:35:14,9,5000,Books,completed,139.55
20251001-000411,2025-10-01 13:36:04,13,6052,Home & Garden,returned,213.4
20251001-000412,2025-10-01 10:40:28,10,3738,Books,shipped,144.79
20251001-000413,2025-10-01 14:58:18,14,6732,Fashion,completed,188.99
20251001-000414,2025-10-01 20:16:53,20,6387,Electronics,completed,68.85
20251001-000415,2025-10-01 18:34:50,18,9002,Books,processing,167.67
20251001-000416,2025-10-01 18:47:09,18,6536,Electronics,completed,136.43
20251001-000417,2025-10-01 12:04:11,12,4913,Home & Garden,shipped,157.78
20251001-000418,2025-10-01 11:47:53,11,2066,Electronics,shipped,155.53
20251001-000419,2025-10-01 12:31:03,12,8723,Home & Garden,completed,156.28
20251001-000420,2025-10-01 15:02:30,15,5380,Fashion,completed,180.79
20251001-000421,2025-10-01 10:51:17,10,5107,Home & Garden,shipped,121.74
20251001-000422,2025-10-01 21:46:15,21,6726,Home & Garden,completed,178.45
20251001-000423,2025-10-01 14:34:39,14,4373,Toys,completed,211.63
20251001-000424,2025-10-01 22:51:35,22,9945,Books,processing,79.49
20251001-000425,2025-10-01 21:13:24,21,3082,Books,completed,110.97
20251001-000426,2025-10-01 13:47:22,13,9967,Fashion,shipped,113.07
20251001-000427,2025-10-01 19:30:11,19,7748,Fashion,completed,95.4
20251001-000428,2025-10-01 08:30:33,8,1417,Books,completed,126.27
20251001-000429,2025-10-01 20:16:35,20,9306,Toys,completed,201.66
20251001-000430,2025-10-01 14:59:36,14,9808,Books,completed,222.38
20251001-000431,2025-10-01 21:23:02,21,4974,Toys,completed,155.31
20251001-000432,2025-10-01 20:51:08,20,4267,Fashion,completed,133.79
20251001-000433,2025-10-01 14:22:52,14,1825,Electronics,shipped,190.15
20251001-000434,2025-10-01 21:17:17,21,8668,Fashion,completed,31.8
20251001-000435,2025-10-01 22:49:42,22,6745,Fashion,completed,97.24
20251001-000436,2025-10-01 19:53:34,19,1412,Home & Garden,completed,33.92
20251001-000437,2025-10-01 08:13:56,8,8543,Home & Garden,completed,96.72
20251001-000438,2025-10-01 16:49:54,16,8587,Home & Garden,completed,111.65
20251001-000439,2025-10-01 13:14:33,13,1728,Home & Garden,completed,223.88
20251001-000440,2025-10-01 22:14:40,22,8164,Toys,completed,11.95
20251001-000441,2025-10-01 19:05:13,19,9867,Books,completed,129.16
20251001-000442,2025-10-01 09:26:03,9,6988,Electronics,completed,180.98
20251001-000443,2025-10-01 12:14:28,12,3504,Fashion,shipped,170.54
20251001-000444,2025-10-01 20:49:40,20,3967,Toys,completed,223.09
20251001-000445,2025-10-01 18:35:44,18,3786,Electronics,completed,158.05
20251001-000446,2025-10-01 11:54:49,11,2122,Toys,shipped,168.71
20251001-000447,2025-10-01 14:07:14,14,5079,Toys,completed,58.07
20251001-000448,2025-10-01 15:14:27,15,2571,Fashion,processing,100.59
20251001-000449,2025-10-01 18:02:41,18,6073,Books,completed,60.86
20251001-000450,2025-10-01 21:46:15,21,6104,Home & Garden,completed,178.63
20251001-000451,2025-10-01 22:12:11,22,3143,Books,completed,167.43
20251001-000452,2025-10-01 18:40:51,18,7806,Fashion,completed,165.68
20251001-000453,2025-10-01 08:33:04,8,8357,Fashion,shipped,105.93
20251001-000454,2025-10-01 12:23:33,12,4440,Fashion,completed,101.35
20251001-000455,2025-10-01 22:39:41,22,4766,Electronics,processing,160.47
20251001-000456,2025-10-01 10:31:00,10,6644,Books,completed,116.53
20251001-000457,2025-10-01 08:31:38,8,3914,Books,completed,98.98
20251001-000458,2025-10-01 19:29:31,19,5968,Toys,completed,124.58
20251001-000459,2025-10-01 10:51:25,10,6917,Toys,completed,116.96
20251001-000460,2025-10-01 21:48:16,21,9787,Toys,completed,106.66
20251001-000461,2025-10-01 13:12:47,13,1728,Fashion,shipped,88.71
20251001-000462,2025-10-01 21:00:58,21,2365,Books,processing,172.43
20251001-000463,2025-10-01 14:33:26,14,5492,Fashion,completed,227.8
20251001-000464,2025-10-01 15:14:23,15,1698,Electronics,shipped,148.05
20251001-000465,2025-10-01 20:43:34,20,8186,Toys,returned,161.12
20251001-000466,2025-10-01 18:13:45,18,1395,Fashion,processing,176.82
20251001-000467,2025-10-01 11:56:41,11,8400,Fashion,completed,168.33
20251001-000468,2025-10-01 10:28:53,10,9082,Electronics,shipped,107.65
20251001-000469,2025-10-01 12:33:38,12,5171,Home & Garden,completed,235.99
20251001-000470,2025-10-01 16:17:25,16,5360,Books,returned,112.13
20251001-000471,2025-10-01 20:53:48,20,3502,Home & Garden,completed,182.4
20251001-000472,2025-10-01 13:06:37,13,1717,Toys,completed,176.51
20251001-000473,2025-10-01 22:28:22,22,3782,Fashion,shipped,52.08
20251001-000474,2025-10-01 16:54:21,16,5946,Electronics,completed,132.06
20251001-000475,2025-10-01 22:30:03,22,6486,Electronics,returned,152.83
20251001-000476,2025-10-01 13:24:48,13,9335,Books,returned,156.66
20251001-000477,2025-10-01 09:37:58,9,5980,Home & Garden,shipped,165.07
20251001-000478,2025-10-01 20:13:08,20,8266,Books,completed,187.88
20251001-000479,2025-10-01 12:07:03,12,5491,Fashion,shipped,149.62
20251001-000480,2025-10-01 19:26:06,19,8192,Books,completed,167.73
20251001-000481,2025-10-01 18:53:22,18,6588,Electronics,completed,147.75
20251001-000482,2025-10-01 16:01:01,16,8651,Electronics,processing,99.13
20251001-000483,2025-10-01 15:16:48,15,4636,Toys,completed,151.62
20251001-000484,2025-10-01 14:36:23,14,2167,Toys,completed,187.45
20251001-000485,2025-10-01 08:13:39,8,2062,Fashion,returned,205.44
20251001-000486,2025-10-01 11:24:54,11,3156,Home & Garden,completed,176.87
20251001-000487,2025-10-01 19:55:30,19,8860,Books,completed,216.72
20251001-000488,2025-10-01 14:29:46,14,6161,Fashion,processing,170.94
20251001-000489,2025-10-01 18:28:30,18,6305,Toys,completed,193.19
20251001-000490,2025-10-01 14:19:46,14,7541,Books,shipped,196.87
20251001-000491,2025-10-01 22:20:39,22,5729,Toys,returned,138.83
20251001-000492,2025-10-01 13:52:47,13,8330,Books,processing,186.3
20251001-000493,2025-10-01 15:21:50,15,6334,Home & Garden,shipped,102.97
20251001-000494,2025-10-01 18:34:42,18,9924,Fashion,completed,167.49
20251001-000495,2025-10-01 20:36:33,20,5330,Books,completed,178.85
20251001-000496,2025-10-01 13:15:54,13,9010,Electronics,processing,202.55
20251001-000497,2025-10-01 17:49:23,17,7801,Electronics,processing,191.04
20251001-000498,2025-10-01 10:57:48,10,5846,Books,completed,203.21
20251001-000499,2025-10-01 11:48:59,11,7731,Books,completed,145.03
20251001-000500,2025-10-01 21:42:25,21,8241,Books,completed,132.73
20251001-000501,2025-10-01 10:16:15,10,1953,Electronics,completed,136.26
20251001-000502,2025-10-01 08:15:56,8,3539,Electronics,shipped,163.31
20251001-000503,2025-10-01 22:57:46,22,8056,Books,completed,59.56
20251001-000504,2025-10-01 17:54:12,17,2542,Toys,processing,216.59
20251001-000505,2025-10-01 12:01:14,12,6293,Toys,shipped,152.19
20251001-000506,2025-10-01 22:03:26,22,2191,Home & Garden,completed,129.25
20251001-000507,2025-10-01 08:20:03,8,7313,Fashion,shipped,23.51
20251001-000508,2025-10-01 08:38:15,8,7938,Toys,completed,148.16
20251001-000509,2025-10-01 09:33:29,9,3681,Electronics,completed,140.08
20251001-000510,2025-10-01 20:29:43,20,2540,Toys,shipped,105.15
20251001-000511,2025-10-01 11:05:29,11,7172,Home & Garden,processing,116.35
20251001-000512,2025-10-01 13:16:35,13,6541,Home & Garden,processing,148.67
20251001-000513,2025-10-01 15:38:02,15,2365,Fashion,completed,120.59
20251001-000514,2025-10-01 20:24:21,20,9691,Toys,completed,178.59
20251001-000515,2025-10-01 10:04:48,10,9702,Electronics,shipped,112.56
20251001-000516,2025-10-01 08:04:21,8,8494,Electronics,completed,157.73
20251001-000517,2025-10-01 10:19:49,10,5312,Books,completed,209.0
20251001-000518,2025-10-01 19:15:56,19,2324,Electronics,completed,148.17
20251001-000519,2025-10-01 10:50:49,10,4141,Fashion,shipped,167.8
20251001-000520,2025-10-01 12:40:54,12,8419,Fashion,completed,164.63
20251001-000521,2025-10-01 18:36:59,18,4486,Electronics,shipped,150.4
20251001-000522,2025-10-01 19:39:48,19,2810,Electronics,returned,146.65
20251001-000523,2025-10-01 19:08:11,19,7588,Books,completed,121.43
20251001-000524,2025-10-01 11:04:54,11,3923,Electronics,completed,157.55
20251001-000525,2025-10-01 20:41:20,20,6301,Books,completed,135.84
20251001-000526,2025-10-01 11:56:55,11,5186,Books,processing,227.3
20251001-000527,2025-10-01 16:01:03,16,9905,Electronics,completed,190.56
20251001-000528,2025-10-01 14:08:30,14,6977,Home & Garden,completed,77.36
20251001-000529,2025-10-01 11:42:43,11,5268,Home & Garden,completed,80.14
20251001-000530,2025-10-01 10:35:30,10,5748,Books,shipped,143.48
20251001-000531,2025-10-01 13:21:57,13,5849,Electronics,completed,130.23
20251001-000532,2025-10-01 10:21:22,10,4709,Home & Garden,shipped,140.84
20251001-000533,2025-10-01 13:21:53,13,7619,Electronics,processing,182.56
20251001-000534,2025-10-01 18:33:52,18,9647,Electronics,completed,165.79
20251001-000535,2025-10-01 20:54:19,20,4072,Electronics,processing,165.28
20251001-000536,2025-10-01 18:28:14,18,7530,Toys,completed,222.31
20251001-000537,2025-10-01 20:37:22,20,1504,Electronics,processing,80.56
20251001-000538,2025-10-01 20:58:27,20,2214,Toys,shipped,155.2
20251001-000539,2025-10-01 19:45:15,19,2531,Books,processing,121.05
20251001-000540,2025-10-01 16:32:36,16,8576,Home & Garden,completed,221.77
20251001-000541,2025-10-01 13:17:20,13,1823,Home & Garden,completed,39.53
20251001-000542,2025-10-01 19:06:14,19,1928,Home & Garden,completed,41.73
20251001-000543,2025-10-01 11:00:16,11,6029,Home & Garden,completed,165.23
20251001-000544,2025-10-01 22:32:49,22,1133,Home & Garden,completed,206.31
20251001-000545,2025-10-01 12:00:36,12,3105,Home & Garden,completed,188.66
20251001-000546,2025-10-01 20:23:12,20,4627,Home & Garden,completed,109.95
20251001-000547,2025-10-01 13:03:18,13,7316,Books,completed,225.32
20251001-000548,2025-10-01 18:03:29,18,2852,Electronics,processing,88.43
20251001-000549,2025-10-01 10:17:44,10,5910,Fashion,completed,215.37
20251001-000550,2025-10-01 15:26:17,15,5175,Toys,completed,95.04
20251001-000551,2025-10-01 11:42:13,11,6348,Fashion,completed,132.41
20251001-000552,2025-10-01 15:58:35,15,7190,Fashion,completed,181.96
20251001-000553,2025-10-01 17:31:35,17,2256,Electronics,returned,76.69
20251001-000554,2025-10-01 17:32:19,17,4376,Electronics,completed,223.45
20251001-000555,2025-10-01 10:27:51,10,6645,Electronics,shipped,132.1
20251001-000556,2025-10-01 17:41:18,17,4486,Home & Garden,returned,156.86
20251001-000557,2025-10-01 14:40:44,14,4584,Books,processing,208.11
20251001-000558,2025-10-01 18:54:43,18,9053,Home & Garden,shipped,110.34
20251001-000559,2025-10-01 20:35:06,20,4330,Books,processing,203.04
20251001-000560,2025-10-01 19:59:56,19,3703,Books,returned,232.03
20251001-000561,2025-10-01 16:05:43,16,9662,Fashion,shipped,117.22
20251001-000562,2025-10-01 11:15:52,11,9120,Fashion,completed,218.47
20251001-000563,2025-10-01 15:33:03,15,8114,Books,shipped,61.97
20251001-000564,2025-10-01 10:22:58,10,2353,Books,completed,169.48
20251001-000565,2025-10-01 14:49:33,14,6063,Home & Garden,shipped,88.57
20251001-000566,2025-10-01 10:41:01,10,9549,Home & Garden,completed,197.13
20251001-000567,2025-10-01 19:23:04,19,8575,Fashion,completed,193.02
20251001-000568,2025-10-01 22:55:54,22,1667,Electronics,completed,253.87
20251001-000569,2025-10-01 22:48:09,22,5468,Books,completed,221.06
20251001-000570,2025-10-01 14:12:31,14,7819,Home & Garden,completed,141.71
20251001-000571,2025-10-01 21:55:41,21,4719,Fashion,completed,95.91
20251001-000572,2025-10-01 18:17:40,18,3745,Home & Garden,completed,178.28
20251001-000573,2025-10-01 17:53:12,17,8483,Books,completed,146.96
20251001-000574,2025-10-01 17:12:38,17,1539,Books,processing,227.56
20251001-000575,2025-10-01 18:48:04,18,5964,Toys,completed,41.68
20251001-000576,2025-10-01 18:36:57,18,5835,Electronics,completed,259.4
20251001-000577,2025-10-01 13:42:09,13,4775,Toys,shipped,176.6
20251001-000578,2025-10-01 09:38:09,9,7042,Fashion,completed,109.35
20251001-000579,2025-10-01 18:41:37,18,8102,Home & Garden,completed,186.7
20251001-000580,2025-10-01 10:16:26,10,8312,Fashion,processing,214.87
20251001-000581,2025-10-01 13:14:59,13,6320,Books,processing,155.72
20251001-000582,2025-10-01 21:17:50,21,7132,Toys,completed,61.75
20251001-000583,2025-10-01 11:22:20,11,8891,Toys,completed,135.31
20251001-000584,2025-10-01 13:53:07,13,3779,Toys,returned,201.97
20251001-000585,2025-10-01 08:50:00,8,1924,Fashion,shipped,174.83
20251001-000586,2025-10-01 17:29:27,17,2581,Books,completed,142.17
20251001-000587,2025-10-01 19:57:48,19,8714,Home & Garden,processing,215.42
20251001-000588,2025-10-01 08:33:38,8,4324,Home & Garden,completed,186.97
20251001-000589,2025-10-01 10:57:13,10,6713,Fashion,completed,190.82
20251001-000590,2025-10-01 15:03:20,15,8026,Toys,completed,129.47
20251001-000591,2025-10-01 15:02:29,15,1255,Electronics,shipped,124.63
20251001-000592,2025-10-01 18:06:20,18,5804,Fashion,completed,65.0
20251001-000593,2025-10-01 11:55:48,11,2838,Fashion,shipped,137.03
20251001-000594,2025-10-01 13:17:08,13,1009,Books,completed,196.77
20251001-000595,2025-10-01 22:41:16,22,3871,Home & Garden,completed,139.8
20251001-000596,2025-10-01 15:06:04,15,9989,Fashion,completed,172.28
20251001-000597,2025-10-01 14:39:57,14,8409,Fashion,shipped,205.56
20251001-000598,2025-10-01 18:05:56,18,8418,Toys,completed,168.64
20251001-000599,2025-10-01 14:21:30,14,6124,Toys,completed,173.53
20251001-000600,2025-10-01 20:57:51,20,2015,Electronics,processing,82.11
20251001-000601,2025-10-01 11:00:39,11,3193,Books,completed,133.87
20251001-000602,2025-10-01 16:03:37,16,9415,Electronics,returned,236.33
20251001-000603,2025-10-01 19:45:42,19,8449,Toys,completed,155.19
20251001-000604,2025-10-01 17:48:18,17,5158,Home & Garden,shipped,244.84
20251001-000605,2025-10-01 13:51:35,13,4925,Toys,completed,113.84
20251001-000606,2025-10-01 21:49:49,21,7970,Books,processing,161.7
20251001-000607,2025-10-01 19:42:32,19,7938,Toys,completed,130.87
20251001-000608,2025-10-01 18:28:12,18,5784,Books,completed,179.6
20251001-000609,2025-10-01 10:20:13,10,5000,Books,completed,194.75
20251001-000610,2025-10-01 12:25:55,12,2633,Books,completed,180.12
20251001-000611,2025-10-01 12:13:32,12,8266,Books,completed,202.09
20251001-000612,2025-10-01 21:08:28,21,9702,Books,processing,149.34
20251001-000613,2025-10-01 12:58:42,12,1384,Home & Garden,completed,140.47
20251001-000614,2025-10-01 15:46:48,15,1404,Electronics,shipped,62.09
20251001-000615,2025-10-01 16:11:35,16,9175,Fashion,shipped,181.92
20251001-000616,2025-10-01 20:41:57,20,3000,Electronics,shipped,158.61
20251001-000617,2025-10-01 16:50:43,16,6989,Books,completed,146.6
20251001-000618,2025-10-01 20:55:09,20,2460,Home & Garden,completed,140.46
20251001-000619,2025-10-01 13:50:30,13,8190,Toys,shipped,148.16
20251001-000620,2025-10-01 13:05:05,13,8140,Home & Garden,returned,138.19
20251001-000621,2025-10-01 16:19:56,16,4636,Books,completed,123.6
20251001-000622,2025-10-01 11:23:00,11,5809,Home & Garden,completed,161.98
20251001-000623,2025-10-01 13:26:06,13,5178,Home & Garden,completed,174.21
20251001-000624,2025-10-01 11:37:57,11,8245,Books,returned,111.47
20251001-000625,2025-10-01 18:07:26,18,7600,Home & Garden,completed,129.96
20251001-000626,2025-10-01 08:00:20,8,6997,Fashion,completed,139.77
20251001-000627,2025-10-01 14:53:27,14,3048,Fashion,processing,150.24
20251001-000628,2025-10-01 21:48:15,21,5780,Home & Garden,completed,143.59
20251001-000629,2025-10-01 17:48:55,17,1716,Toys,completed,182.99
20251001-000630,2025-10-01 18:23:45,18,8939,Books,shipped,67.38
20251001-000631,2025-10-01 19:46:22,19,6565,Fashion,processing,76.25
20251001-000632,2025-10-01 13:06:51,13,5544,Toys,completed,159.68
20251001-000633,2025-10-01 16:18:19,16,5976,Home & Garden,completed,119.87
20251001-000634,2025-10-01 14:21:37,14,4419,Toys,completed,194.21
20251001-000635,2025-10-01 20:56:53,20,8239,Electronics,completed,208.49
20251001-000636,2025-10-01 14:54:24,14,1249,Fashion,shipped,161.69
20251001-000637,2025-10-01 09:59:27,9,9865,Home & Garden,completed,96.4
20251001-000638,2025-10-01 19:34:04,19,1770,Books,completed,202.73
20251001-000639,2025-10-01 18:29:55,18,5363,Home & Garden,completed,159.95
20251001-000640,2025-10-01 22:28:20,22,2077,Books,completed,75.65
20251001-000641,2025-10-01 16:21:17,16,9427,Home & Garden,completed,80.07
20251001-000642,2025-10-01 17:10:46,17,9580,Toys,processing,225.85
20251001-000643,2025-10-01 16:19:05,16,8901,Toys,completed,217.56
20251001-000644,2025-10-01 13:28:56,13,5858,Toys,processing,24.14
20251001-000645,2025-10-01 20:50:28,20,7544,Electronics,processing,82.11
20251001-000646,2025-10-01 10:40:18,10,5719,Books,completed,207.04
20251001-000647,2025-10-01 08:41:32,8,3814,Toys,completed,149.08
20251001-000648,2025-10-01 11:33:00,11,4374,Electronics,completed,185.09
20251001-000649,2025-10-01 21:00:44,21,2252,Books,completed,146.9
20251001-000650,2025-10-01 21:30:02,21,7996,Home & Garden,completed,182.72
20251001-000651,2025-10-01 10:29:41,10,5673,Electronics,completed,150.29
20251001-000652,2025-10-01 21:47:20,21,5530,Fashion,completed,128.12
20251001-000653,2025-10-01 19:17:34,19,7881,Electronics,processing,202.94
20251001-000654,2025-10-01 08:54:40,8,7949,Electronics,completed,160.1
20251001-000655,2025-10-01 10:57:39,10,7241,Books,processing,182.62
20251001-000656,2025-10-01 21:16:02,21,9017,Home & Garden,completed,157.87
20251001-000657,2025-10-01 21:37:24,21,7941,Fashion,processing,125.68
20251001-000658,2025-10-01 11:13:44,11,8002,Toys,completed,230.42
20251001-000659,2025-10-01 20:22:37,20,2331,Toys,completed,167.75
20251001-000660,2025-10-01 20:24:44,20,5261,Electronics,shipped,132.25
20251001-000661,2025-10-01 22:14:54,22,8648,Books,completed,213.92
20251001-000662,2025-10-01 21:45:19,21,6115,Books,completed,83.96
20251001-000663,2025-10-01 15:55:51,15,5637,Toys,processing,261.81
20251001-000664,2025-10-01 16:21:43,16,5854,Fashion,completed,141.04
20251001-000665,2025-10-01 10:02:44,10,4177,Home & Garden,completed,86.6
20251001-000666,2025-10-01 13:55:33,13,8730,Fashion,shipped,245.3
20251001-000667,2025-10-01 17:54:20,17,3180,Home & Garden,processing,126.84
20251001-000668,2025-10-01 18:18:55,18,5892,Toys,shipped,162.16
20251001-000669,2025-10-01 22:56:54,22,8043,Home & Garden,completed,185.88
20251001-000670,2025-10-01 12:43:47,12,1137,Books,shipped,209.21
20251001-000671,2025-10-01 13:33:22,13,7327,Electronics,completed,164.99
20251001-000672,2025-10-01 11:34:05,11,4472,Electronics,shipped,117.63
20251001-000673,2025-10-01 17:49:50,17,6449,Toys,returned,160.95
20251001-000674,2025-10-01 13:00:52,13,3832,Books,shipped,129.03
20251001-000675,2025-10-01 14:51:12,14,4579,Fashion,processing,162.45
20251001-000676,2025-10-01 16:20:48,16,6971,Books,completed,231.41
20251001-000677,2025-10-01 17:28:22,17,5164,Electronics,shipped,187.8
20251001-000678,2025-10-01 14:05:08,14,8941,Electronics,processing,160.33
20251001-000679,2025-10-01 13:36:16,13,6569,Books,completed,186.92
20251001-000680,2025-10-01 08:00:01,8,5300,Books,processing,190.5
20251001-000681,2025-10-01 09:50:18,9,7269,Electronics,completed,96.11
20251001-000682,2025-10-01 08:00:18,8,4818,Fashion,shipped,152.09
20251001-000683,2025-10-01 16:26:55,16,2906,Toys,processing,278.13
20251001-000684,2025-10-01 17:20:06,17,7254,Toys,shipped,210.64
20251001-000685,2025-10-01 17:52:53,17,1760,Books,completed,124.83
20251001-000686,2025-10-01 16:15:41,16,8830,Toys,completed,119.84
20251001-000687,2025-10-01 14:43:41,14,8350,Electronics,completed,118.17
20251001-000688,2025-10-01 20:58:58,20,7238,Electronics,processing,193.32
20251001-000689,2025-10-01 09:53:19,9,7090,Books,completed,230.38
20251001-000690,2025-10-01 13:39:08,13,7031,Books,completed,179.11
20251001-000691,2025-10-01 18:25:16,18,8687,Books,shipped,157.86
20251001-000692,2025-10-01 11:15:26,11,9472,Fashion,completed,127.79
20251001-000693,2025-10-01 08:27:46,8,2887,Toys,shipped,166.47
20251001-000694,2025-10-01 08:00:01,8,4266,Books,shipped,108.99
20251001-000695,2025-10-01 19:35:35,19,1666,Home & Garden,processing,53.21
20251001-000696,2025-10-01 12:09:18,12,5188,Home & Garden,completed,231.84
20251001-000697,2025-10-01 19:42:16,19,1671,Electronics,completed,99.71
20251001-000698,2025-10-01 09:16:04,9,7777,Toys,completed,133.76
20251001-000699,2025-10-01 11:56:38,11,8570,Books,completed,182.82
20251001-000700,2025-10-01 08:58:17,8,8956,Home & Garden,completed,221.72
20251001-000701,2025-10-01 11:22:52,11,6124,Toys,completed,162.86
20251001-000702,2025-10-01 18:06:53,18,6585,Electronics,shipped,90.31
20251001-000703,2025-10-01 13:43:58,13,5777,Fashion,shipped,134.93
20251001-000704,2025-10-01 17:52:06,17,4900,Toys,completed,116.08
20251001-000705,2025-10-01 11:06:16,11,7677,Toys,processing,148.09
20251001-000706,2025-10-01 08:43:38,8,7981,Fashion,returned,211.6
20251001-000707,2025-10-01 14:14:35,14,7376,Toys,processing,23.13
20251001-000708,2025-10-01 21:33:39,21,1523,Electronics,shipped,129.43
20251001-000709,2025-10-01 09:45:44,9,3393,Electronics,completed,125.8
20251001-000710,2025-10-01 16:44:03,16,3593,Fashion,completed,87.16
20251001-000711,2025-10-01 20:03:37,20,8240,Books,completed,179.27
20251001-000712,2025-10-01 10:13:24,10,7937,Home & Garden,completed,79.25
20251001-000713,2025-10-01 15:13:04,15,7190,Books,processing,85.01
20251001-000714,2025-10-01 20:15:29,20,6240,Toys,processing,192.55
20251001-000715,2025-10-01 15:06:11,15,7493,Home & Garden,completed,225.03
20251001-000716,2025-10-01 10:31:03,10,3878,Fashion,completed,146.2
20251001-000717,2025-10-01 11:18:23,11,5143,Fashion,processing,89.13
20251001-000718,2025-10-01 09:01:28,9,4644,Home & Garden,completed,114.72
20251001-000719,2025-10-01 11:09:08,11,5432,Electronics,completed,200.4
20251001-000720,2025-10-01 18:49:03,18,2276,Home & Garden,processing,155.82
20251001-000721,2025-10-01 18:16:50,18,6811,Toys,completed,144.95
20251001-000722,2025-10-01 18:36:23,18,1302,Electronics,completed,165.65
20251001-000723,2025-10-01 21:11:13,21,1638,Fashion,completed,148.12
20251001-000724,2025-10-01 16:05:04,16,1055,Home & Garden,processing,227.29
20251001-000725,2025-10-01 09:21:17,9,9717,Books,completed,112.54
20251001-000726,2025-10-01 19:31:41,19,9150,Books,completed,106.8
20251001-000727,2025-10-01 19:40:56,19,3125,Toys,completed,80.83
20251001-000728,2025-10-01 20:19:18,20,1364,Books,completed,123.0
20251001-000729,2025-10-01 10:00:11,10,7809,Home & Garden,completed,95.4
20251001-000730,2025-10-01 22:53:17,22,5621,Home & Garden,shipped,160.9
20251001-000731,2025-10-01 18:46:16,18,6126,Books,completed,151.05
20251001-000732,2025-10-01 18:52:29,18,6122,Home & Garden,processing,96.05
20251001-000733,2025-10-01 22:57:23,22,2646,Toys,completed,179.46
20251001-000734,2025-10-01 11:05:10,11,1918,Electronics,completed,225.84
20251001-000735,2025-10-01 12:18:34,12,3797,Toys,completed,167.89
20251001-000736,2025-10-01 08:17:22,8,7506,Toys,completed,22.83
20251001-000737,2025-10-01 14:05:16,14,6870,Home & Garden,completed,249.36
20251001-000738,2025-10-01 21:44:00,21,2531,Electronics,completed,187.35
20251001-000739,2025-10-01 17:32:14,17,9172,Home & Garden,completed,247.82
20251001-000740,2025-10-01 14:22:31,14,4345,Fashion,shipped,204.54
20251001-000741,2025-10-01 16:22:59,16,8673,Home & Garden,completed,214.53
20251001-000742,2025-10-01 11:25:08,11,7949,Home & Garden,shipped,160.26
20251001-000743,2025-10-01 21:12:14,21,7882,Home & Garden,processing,136.89
20251001-000744,2025-10-01 21:06:27,21,2906,Electronics,completed,168.67
20251001-000745,2025-10-01 13:14:23,13,4086,Home & Garden,completed,114.56
20251001-000746,2025-10-01 18:43:59,18,9152,Electronics,completed,171.69
20251001-000747,2025-10-01 09:26:34,9,6750,Books,completed,18.66
20251001-000748,2025-10-01 19:25:21,19,9905,Fashion,completed,152.15
20251001-000749,2025-10-01 19:32:26,19,2062,Electronics,shipped,217.23
20251001-000750,2025-10-01 21:14:18,21,2976,Books,completed,154.72
20251001-000751,2025-10-01 11:35:44,11,2296,Electronics,completed,236.37
20251001-000752,2025-10-01 09:44:11,9,7229,Electronics,processing,136.81
20251001-000753,2025-10-01 17:54:19,17,8641,Fashion,completed,200.13
20251001-000754,2025-10-01 12:26:00,12,1125,Toys,processing,106.09
20251001-000755,2025-10-01 22:56:20,22,5632,Toys,completed,198.1
20251001-000756,2025-10-01 14:04:48,14,7288,Electronics,completed,161.63
20251001-000757,2025-10-01 20:01:44,20,4596,Home & Garden,completed,139.01
20251001-000758,2025-10-01 08:54:00,8,7168,Books,completed,21.31
20251001-000759,2025-10-01 22:57:09,22,8561,Home & Garden,returned,137.28
20251001-000760,2025-10-01 17:32:46,17,9258,Home & Garden,completed,160.67
20251001-000761,2025-10-01 17:15:58,17,1232,Electronics,returned,191.44
20251001-000762,2025-10-01 14:22:58,14,7371,Electronics,completed,228.05
20251001-000763,2025-10-01 17:37:31,17,5206,Electronics,completed,251.75
20251001-000764,2025-10-01 20:54:38,20,8943,Electronics,completed,212.31
20251001-000765,2025-10-01 13:15:59,13,7891,Toys,completed,121.9
20251001-000766,2025-10-01 13:13:21,13,7738,Electronics,processing,134.76
20251001-000767,2025-10-01 19:28:17,19,3472,Toys,completed,186.95
20251001-000768,2025-10-01 15:25:47,15,3739,Toys,completed,175.98
20251001-000769,2025-10-01 15:34:45,15,6401,Electronics,completed,231.42
20251001-000770,2025-10-01 13:14:31,13,2761,Fashion,completed,273.97
20251001-000771,2025-10-01 10:02:26,10,1876,Books,completed,263.36
20251001-000772,2025-10-01 12:22:27,12,4812,Home & Garden,completed,224.7
20251001-000773,2025-10-01 09:28:17,9,2460,Toys,processing,176.4
20251001-000774,2025-10-01 22:33:58,22,2733,Books,completed,217.47
20251001-000775,2025-10-01 21:32:38,21,2605,Fashion,completed,233.07
20251001-000776,2025-10-01 12:40:48,12,6622,Home & Garden,completed,142.63
20251001-000777,2025-10-01 21:40:28,21,7767,Home & Garden,completed,123.37
20251001-000778,2025-10-01 16:22:17,16,7986,Toys,returned,111.63
20251001-000779,2025-10-01 17:06:43,17,4517,Electronics,completed,106.18
20251001-000780,2025-10-01 08:02:07,8,4735,Fashion,completed,80.9
20251001-000781,2025-10-01 17:57:53,17,9434,Toys,shipped,162.5
20251001-000782,2025-10-01 12:31:30,12,3590,Fashion,completed,100.01
20251001-000783,2025-10-01 19:30:33,19,2063,Electronics,completed,110.82
20251001-000784,2025-10-01 13:17:06,13,5324,Electronics,returned,185.06
20251001-000785,2025-10-01 21:42:35,21,6342,Toys,shipped,159.08
20251001-000786,2025-10-01 18:06:17,18,1005,Electronics,returned,171.48
20251001-000787,2025-10-01 14:40:59,14,8489,Books,completed,218.26
20251001-000788,2025-10-01 16:00:37,16,9659,Home & Garden,completed,193.23
20251001-000789,2025-10-01 13:13:58,13,9195,Toys,completed,225.94
20251001-000790,2025-10-01 12:51:08,12,6966,Fashion,completed,154.0
20251001-000791,2025-10-01 19:31:58,19,9837,Books,processing,230.59
20251001-000792,2025-10-01 14:05:08,14,1117,Toys,completed,167.99
20251001-000793,2025-10-01 20:38:45,20,3551,Electronics,processing,158.44
20251001-000794,2025-10-01 08:09:07,8,6560,Electronics,shipped,223.08
20251001-000795,2025-10-01 18:06:50,18,5289,Electronics,completed,106.39
20251001-000796,2025-10-01 21:25:34,21,1846,Electronics,completed,251.18
20251001-000797,2025-10-01 12:33:17,12,7316,Fashion,shipped,135.89
20251001-000798,2025-10-01 22:29:04,22,7469,Books,completed,89.09
20251001-000799,2025-10-01 09:35:13,9,9915,Home & Garden,processing,182.68
20251001-000800,2025-10-01 11:20:27,11,1224,Fashion,completed,131.13
20251001-000801,2025-10-01 14:59:29,14,5208,Fashion,completed,251.29
20251001-000802,2025-10-01 12:16:03,12,7283,Home & Garden,completed,128.35
20251001-000803,2025-10-01 19:32:38,19,3048,Home & Garden,returned,165.72
20251001-000804,2025-10-01 13:09:19,13,7233,Electronics,completed,78.72
20251001-000805,2025-10-01 09:50:24,9,2828,Fashion,processing,190.65
20251001-000806,2025-10-01 10:46:27,10,2917,Toys,completed,111.13
20251001-000807,2025-10-01 14:41:11,14,5234,Home & Garden,shipped,184.67
20251001-000808,2025-10-01 18:50:01,18,7988,Home & Garden,shipped,128.58
20251001-000809,2025-10-01 09:11:42,9,3026,Books,completed,47.65
20251001-000810,2025-10-01 19:55:13,19,4744,Toys,completed,156.56
20251001-000811,2025-10-01 13:15:21,13,1009,Toys,shipped,154.32
20251001-000812,2025-10-01 12:40:30,12,1260,Home & Garden,completed,194.05
20251001-000813,2025-10-01 17:31:22,17,7038,Electronics,shipped,227.8
20251001-000814,2025-10-01 08:14:47,8,3219,Books,completed,245.62
20251001-000815,2025-10-01 19:26:19,19,8041,Toys,processing,193.21
20251001-000816,2025-10-01 18:27:37,18,3060,Home & Garden,shipped,163.93
20251001-000817,2025-10-01 22:16:54,22,6287,Toys,processing,78.63
20251001-000818,2025-10-01 17:45:03,17,2619,Books,completed,160.1
20251001-000819,2025-10-01 18:58:14,18,9512,Books,completed,160.75
20251001-000820,2025-10-01 11:49:23,11,2342,Fashion,completed,140.07
20251001-000821,2025-10-01 18:57:24,18,3832,Home & Garden,completed,181.65
20251001-000822,2025-10-01 09:01:00,9,3824,Books,completed,206.1
20251001-000823,2025-10-01 11:35:06,11,2994,Fashion,completed,109.08
20251001-000824,2025-10-01 08:49:56,8,4490,Fashion,shipped,108.3
20251001-000825,2025-10-01 09:06:30,9,8984,Toys,completed,143.04
20251001-000826,2025-10-01 20:12:11,20,2604,Toys,completed,119.24
20251001-000827,2025-10-01 15:14:41,15,1235,Fashion,shipped,67.94
20251001-000828,2025-10-01 13:24:04,13,2908,Toys,completed,100.17
20251001-000829,2025-10-01 09:22:43,9,9567,Books,completed,88.38
20251001-000830,2025-10-01 19:59:49,19,4530,Electronics,returned,210.42
20251001-000831,2025-10-01 22:21:41,22,6256,Books,processing,235.14
20251001-000832,2025-10-01 13:25:37,13,3635,Fashion,completed,95.23
20251001-000833,2025-10-01 17:32:59,17,9162,Fashion,completed,177.3
20251001-000834,2025-10-01 16:10:11,16,3560,Books,shipped,193.68
20251001-000835,2025-10-01 14:09:38,14,6415,Toys,completed,75.39
20251001-000836,2025-10-01 16:24:17,16,4391,Toys,completed,158.05
20251001-000837,2025-10-01 12:36:01,12,6951,Fashion,completed,276.68
20251001-000838,2025-10-01 14:47:09,14,6468,Home & Garden,completed,183.86
20251001-000839,2025-10-01 18:42:14,18,9007,Toys,completed,137.73
20251001-000840,2025-10-01 22:52:29,22,7413,Books,completed,121.99
20251001-000841,2025-10-01 21:37:43,21,7941,Toys,shipped,48.88
20251001-000842,2025-10-01 14:40:57,14,5820,Books,processing,173.52
20251001-000843,2025-10-01 19:44:16,19,3898,Fashion,completed,247.39
20251001-000844,2025-10-01 19:23:03,19,8546,Toys,shipped,109.32
20251001-000845,2025-10-01 10:39:06,10,1077,Books,processing,53.22
20251001-000846,2025-10-01 14:45:40,14,8577,Fashion,completed,116.79
20251001-000847,2025-10-01 08:55:30,8,5227,Home & Garden,completed,194.08
20251001-000848,2025-10-01 16:32:50,16,1600,Books,shipped,128.57
20251001-000849,2025-10-01 17:16:59,17,2065,Home & Garden,completed,108.98
20251001-000850,2025-10-01 20:23:58,20,3136,Home & Garden,processing,150.96
20251001-000851,2025-10-01 13:36:54,13,7943,Electronics,completed,161.49
20251001-000852,2025-10-01 12:56:38,12,8804,Toys,returned,80.58
20251001-000853,2025-10-01 14:01:54,14,7565,Books,completed,139.14
20251001-000854,2025-10-01 12:31:33,12,6984,Home & Garden,completed,125.14
20251001-000855,2025-10-01 17:56:05,17,6142,Electronics,shipped,117.95
20251001-000856,2025-10-01 12:59:49,12,5670,Fashion,completed,99.15
20251001-000857,2025-10-01 18:23:37,18,3190,Books,completed,197.06
20251001-000858,2025-10-01 17:08:44,17,3712,Home & Garden,completed,117.78
20251001-000859,2025-10-01 18:03:57,18,3192,Toys,completed,50.25
20251001-000860,2025-10-01 14:16:50,14,2248,Electronics,completed,163.21
20251001-000861,2025-10-01 17:16:33,17,5033,Home & Garden,returned,186.26
20251001-000862,2025-10-01 22:52:43,22,2997,Toys,completed,110.2
20251001-000863,2025-10-01 14:49:14,14,4687,Home & Garden,shipped,122.02
20251001-000864,2025-10-01 20:47:13,20,5018,Books,shipped,117.55
20251001-000865,2025-10-01 18:29:05,18,2970,Books,processing,132.67
20251001-000866,2025-10-01 22:39:49,22,9389,Books,completed,205.34
20251001-000867,2025-10-01 10:57:36,10,6765,Electronics,processing,144.3
20251001-000868,2025-10-01 10:10:49,10,2202,Books,completed,191.98
20251001-000869,2025-10-01 17:20:31,17,9135,Toys,shipped,101.56
20251001-000870,2025-10-01 19:20:02,19,6567,Home & Garden,shipped,130.82
20251001-000871,2025-10-01 20:17:02,20,8667,Fashion,processing,197.7
20251001-000872,2025-10-01 22:54:21,22,6742,Toys,completed,109.72
20251001-000873,2025-10-01 10:28:21,10,6788,Toys,shipped,200.61
20251001-000874,2025-10-01 13:23:09,13,6408,Books,completed,118.58
20251001-000875,2025-10-01 19:09:50,19,9669,Electronics,shipped,133.92
20251001-000876,2025-10-01 22:44:02,22,1922,Home & Garden,returned,233.51
20251001-000877,2025-10-01 13:16:11,13,1419,Electronics,completed,128.21
20251001-000878,2025-10-01 20:17:28,20,3204,Home & Garden,returned,157.27
20251001-000879,2025-10-01 20:41:47,20,2120,Home & Garden,completed,180.82
20251001-000880,2025-10-01 10:47:16,10,1950,Electronics,completed,161.33
20251001-000881,2025-10-01 10:19:06,10,3336,Toys,completed,162.75
20251001-000882,2025-10-01 15:36:12,15,6373,Home & Garden,completed,147.17
20251001-000883,2025-10-01 15:44:55,15,3243,Electronics,shipped,84.89
20251001-000884,2025-10-01 14:17:01,14,3645,Home & Garden,completed,167.41
20251001-000885,2025-10-01 17:16:03,17,5612,Fashion,completed,113.38
20251001-000886,2025-10-01 11:08:09,11,2865,Toys,processing,188.79
20251001-000887,2025-10-01 22:13:38,22,7028,Books,processing,218.6
20251001-000888,2025-10-01 11:48:23,11,8326,Home & Garden,processing,59.72
20251001-000889,2025-10-01 10:28:16,10,7371,Fashion,processing,218.69
20251001-000890,2025-10-01 12:30:51,12,7359,Books,shipped,129.45
20251001-000891,2025-10-01 10:03:05,10,8863,Books,completed,143.45
20251001-000892,2025-10-01 20:17:18,20,4228,Home & Garden,completed,104.38
20251001-000893,2025-10-01 15:58:04,15,4719,Electronics,shipped,159.42
20251001-000894,2025-10-01 14:19:31,14,3371,Home & Garden,completed,153.34
20251001-000895,2025-10-01 20:55:09,20,3891,Fashion,shipped,203.85
20251001-000896,2025-10-01 10:55:08,10,4756,Books,completed,112.93
20251001-000897,2025-10-01 16:46:26,16,5225,Home & Garden,completed,233.04
20251001-000898,2025-10-01 19:42:12,19,1094,Electronics,completed,183.24
20251001-000899,2025-10-01 21:43:18,21,3674,Home & Garden,shipped,154.55
20251001-000900,2025-10-01 20:08:20,20,7898,Toys,completed,140.96
20251001-000901,2025-10-01 12:12:23,12,1793,Electronics,shipped,134.67
20251001-000902,2025-10-01 16:14:37,16,3116,Fashion,completed,137.93
20251001-000903,2025-10-01 14:26:03,14,6779,Books,completed,158.42
20251001-000904,2025-10-01 22:14:23,22,7166,Home & Garden,processing,139.55
20251001-000905,2025-10-01 14:27:58,14,1814,Electronics,shipped,117.97
20251001-000906,2025-10-01 13:36:34,13,1345,Toys,completed,158.72
20251001-000907,2025-10-01 09:54:02,9,9554,Electronics,processing,108.19
20251001-000908,2025-10-01 16:18:03,16,3443,Toys,completed,166.12
20251001-000909,2025-10-01 13:25:56,13,8783,Fashion,completed,138.85
20251001-000910,2025-10-01 15:51:36,15,1984,Books,completed,184.84
20251001-000911,2025-10-01 08:25:39,8,8790,Fashion,shipped,199.45
20251001-000912,2025-10-01 12:24:47,12,1827,Home & Garden,shipped,199.43
20251001-000913,2025-10-01 19:25:53,19,4531,Electronics,completed,165.91
20251001-000914,2025-10-01 08:25:34,8,8147,Toys,processing,171.74
20251001-000915,2025-10-01 17:45:30,17,5451,Toys,completed,133.86
20251001-000916,2025-10-01 18:27:55,18,4876,Electronics,completed,183.88
20251001-000917,2025-10-01 21:48:43,21,6959,Electronics,completed,189.53
20251001-000918,2025-10-01 15:17:24,15,1126,Home & Garden,completed,71.63
20251001-000919,2025-10-01 15:31:39,15,4177,Fashion,completed,168.92
20251001-000920,2025-10-01 08:52:12,8,9795,Toys,completed,218.41
20251001-000921,2025-10-01 16:02:03,16,7024,Home & Garden,processing,132.19
20251001-000922,2025-10-01 09:01:45,9,6109,Fashion,completed,121.27
20251001-000923,2025-10-01 19:32:13,19,5146,Home & Garden,completed,129.01
20251001-000924,2025-10-01 16:41:12,16,8196,Toys,completed,74.76
20251001-000925,2025-10-01 08:18:26,8,4368,Electronics,completed,156.3
20251001-000926,2025-10-01 19:16:05,19,4797,Electronics,completed,151.5
20251001-000927,2025-10-01 17:43:16,17,2792,Fashion,shipped,159.85
20251001-000928,2025-10-01 21:32:35,21,6732,Books,completed,170.8
20251001-000929,2025-10-01 21:11:39,21,4476,Fashion,shipped,110.1
20251001-000930,2025-10-01 16:48:48,16,4417,Books,processing,163.66
20251001-000931,2025-10-01 11:55:34,11,2645,Home & Garden,completed,172.16
20251001-000932,2025-10-01 16:02:16,16,4030,Home & Garden,processing,125.58
20251001-000933,2025-10-01 14:42:40,14,3872,Toys,completed,171.01
20251001-000934,2025-10-01 18:48:01,18,4072,Books,shipped,154.04
20251001-000935,2025-10-01 13:54:56,13,2854,Toys,completed,118.44
20251001-000936,2025-10-01 22:25:12,22,5021,Electronics,completed,164.14
20251001-000937,2025-10-01 12:34:51,12,5662,Books,completed,135.46
20251001-000938,2025-10-01 18:07:01,18,7514,Fashion,completed,184.85
20251001-000939,2025-10-01 16:51:51,16,6031,Electronics,completed,138.04
20251001-000940,2025-10-01 09:35:27,9,3708,Electronics,completed,85.51
20251001-000941,2025-10-01 21:52:42,21,8112,Fashion,completed,163.35
20251001-000942,2025-10-01 20:53:58,20,9393,Electronics,processing,161.47
20251001-000943,2025-10-01 18:06:25,18,4507,Books,shipped,95.94
20251001-000944,2025-10-01 21:45:21,21,7456,Toys,completed,187.53
20251001-000945,2025-10-01 19:45:46,19,5212,Electronics,completed,184.91
20251001-000946,2025-10-01 09:35:42,9,8970,Books,processing,106.5
20251001-000947,2025-10-01 18:15:54,18,9766,Home & Garden,processing,117.02
20251001-000948,2025-10-01 19:23:02,19,1536,Books,shipped,142.9
20251001-000949,2025-10-01 22:53:34,22,2625,Toys,completed,112.06
20251001-000950,2025-10-01 16:00:59,16,8973,Books,completed,182.02
20251001-000951,2025-10-01 19:48:57,19,9577,Fashion,completed,157.45
20251001-000952,2025-10-01 10:24:11,10,9070,Toys,completed,95.32
20251001-000953,2025-10-01 15:09:23,15,9666,Home & Garden,shipped,108.88
20251001-000954,2025-10-01 18:53:04,18,9609,Fashion,shipped,209.39
20251001-000955,2025-10-01 22:15:19,22,7490,Books,completed,226.78
20251001-000956,2025-10-01 16:15:38,16,4600,Toys,processing,176.94
20251001-000957,2025-10-01 15:57:38,15,7783,Home & Garden,completed,139.44
20251001-000958,2025-10-01 11:07:12,11,5971,Fashion,completed,128.0
20251001-000959,2025-10-01 19:28:40,19,2205,Home & Garden,completed,177.48
20251001-000960,2025-10-01 08:38:56,8,2990,Books,processing,153.8
20251001-000961,2025-10-01 11:27:52,11,6299,Home & Garden,completed,69.5
20251001-000962,2025-10-01 21:05:44,21,4572,Electronics,processing,201.59
20251001-000963,2025-10-01 16:15:11,16,6975,Fashion,processing,217.29
20251001-000964,2025-10-01 09:19:12,9,7320,Home & Garden,completed,186.86
20251001-000965,2025-10-01 10:15:55,10,5380,Books,completed,95.42
20251001-000966,2025-10-01 17:06:09,17,5757,Books,processing,118.16
20251001-000967,2025-10-01 15:40:32,15,3713,Home & Garden,completed,57.11
20251001-000968,2025-10-01 13:13:56,13,6588,Books,processing,229.8
20251001-000969,2025-10-01 15:42:39,15,1966,Toys,processing,132.16
20251001-000970,2025-10-01 14:25:53,14,5944,Toys,completed,266.66
20251001-000971,2025-10-01 21:25:15,21,4432,Toys,completed,247.76
20251001-000972,2025-10-01 20:13:44,20,1688,Electronics,processing,104.83
20251001-000973,2025-10-01 20:06:34,20,5243,Home & Garden,shipped,114.59
20251001-000974,2025-10-01 12:32:02,12,4701,Electronics,completed,173.31
20251001-000975,2025-10-01 16:25:55,16,9533,Books,completed,62.27
20251001-000976,2025-10-01 11:56:04,11,6182,Electronics,completed,128.09
20251001-000977,2025-10-01 13:44:25,13,7704,Books,processing,123.09
20251001-000978,2025-10-01 09:19:10,9,5422,Books,processing,242.56
20251001-000979,2025-10-01 22:02:06,22,2759,Fashion,shipped,158.05
20251001-000980,2025-10-01 09:51:52,9,3482,Toys,completed,135.76
20251001-000981,2025-10-01 09:03:55,9,9058,Books,completed,118.43
20251001-000982,2025-10-01 17:25:09,17,1951,Fashion,processing,194.7
20251001-000983,2025-10-01 14:10:41,14,9914,Toys,completed,125.16
20251001-000984,2025-10-01 20:01:51,20,3079,Books,completed,147.49
20251001-000985,2025-10-01 09:13:33,9,3717,Books,completed,118.04
20251001-000986,2025-10-01 22:43:02,22,5524,Electronics,shipped,74.12
20251001-000987,2025-10-01 22:29:07,22,9477,Electronics,processing,100.2
20251001-000988,2025-10-01 19:48:30,19,8311,Toys,completed,124.9
20251001-000989,2025-10-01 22:11:10,22,8186,Books,completed,136.84
20251001-000990,2025-10-01 20:25:44,20,3065,Home & Garden,shipped,139.03
20251001-000991,2025-10-01 09:43:06,9,1768,Electronics,returned,145.55
20251001-000992,2025-10-01 22:32:44,22,6490,Toys,completed,125.57
20251001-000993,2025-10-01 16:12:01,16,7645,Books,completed,217.46
20251001-000994,2025-10-01 14:13:05,14,6083,Books,completed,197.4
20251001-000995,2025-10-01 18:23:40,18,6232,Home & Garden,processing,143.24
20251001-000996,2025-10-01 10:33:31,10,6797,Toys,completed,162.71
20251001-000997,2025-10-01 10:43:19,10,5926,Books,completed,131.4
20251001-000998,2025-10-01 14:25:56,14,7016,Electronics,shipped,7.83
20251001-000999,2025-10-01 12:20:33,12,4335,Home & Garden,shipped,151.02
